Date,y,G_U_1,G_U_2,G_U_3,G_U_4,G_U_5,G_U_6,G_U_7,G_U_8,G_U_9,G_U_10,G_U_11
"Thursday, 1 January 1976",47710,,,,,,,,,,,
"Sunday, 1 February 1976",49860,,,,,,,,,,,
"Monday, 1 March 1976",46100,,,,,,,,,,,
"Thursday, 1 April 1976",37270,,,,,,,,,,,
"Saturday, 1 May 1976",37620,,,,,,,,,,,
"Tuesday, 1 June 1976",30070,,,,,,,,,,,
"Thursday, 1 July 1976",35120,,,,,,,,,,,
"Sunday, 1 August 1976",44130,,,,,,,,,,,
"Wednesday, 1 September 1976",36050,,,,,,,,,,,
"Friday, 1 October 1976",46820,,,,,,,,,,,
"Monday, 1 November 1976",53680,,,,,,,,,,,
"Wednesday, 1 December 1976",67370,,,,,,,,,,,
"Saturday, 1 January 1977",48610,,,,,,,,,,,
"Tuesday, 1 February 1977",48390,,,,,,,,,,,
"Tuesday, 1 March 1977",50640,,,,,,,,,,,
"Friday, 1 April 1977",41680,,,,,,,,,,,
"Sunday, 1 May 1977",36210,,,,,,,,,,,
"Wednesday, 1 June 1977",31690,,,,,,,,,,,
"Friday, 1 July 1977",40830,,,,,,,,,,,
"Monday, 1 August 1977",42760,,,,,,,,,,,
"Thursday, 1 September 1977",37470,,,,,,,,,,,
"Saturday, 1 October 1977",45880,,,,,,,,,,,
"Tuesday, 1 November 1977",65100,,,,,,,,,,,
"Thursday, 1 December 1977",74030,,,,,,,,,,,
"Sunday, 1 January 1978",49900,,,,,,,,,,,
"Wednesday, 1 February 1978",51880,,,,,,,,,,,
"Wednesday, 1 March 1978",54980,,,,,,,,,,,
"Saturday, 1 April 1978",41880,,,,,,,,,,,
"Monday, 1 May 1978",41370,,,,,,,,,,,
"Thursday, 1 June 1978",34810,,,,,,,,,,,
"Saturday, 1 July 1978",44330,,,,,,,,,,,
"Tuesday, 1 August 1978",49750,,,,,,,,,,,
"Friday, 1 September 1978",45910,,,,,,,,,,,
"Sunday, 1 October 1978",52940,,,,,,,,,,,
"Wednesday, 1 November 1978",71470,,,,,,,,,,,
"Friday, 1 December 1978",91380,,,,,,,,,,,
"Monday, 1 January 1979",54580,,,,,,,,,,,
"Thursday, 1 February 1979",60330,,,,,,,,,,,
"Thursday, 1 March 1979",65350,,,,,,,,,,,
"Sunday, 1 April 1979",55610,,,,,,,,,,,
"Tuesday, 1 May 1979",54450,,,,,,,,,,,
"Friday, 1 June 1979",53440,,,,,,,,,,,
"Sunday, 1 July 1979",70160,,,,,,,,,,,
"Wednesday, 1 August 1979",66800,,,,,,,,,,,
"Saturday, 1 September 1979",57970,,,,,,,,,,,
"Monday, 1 October 1979",66010,,,,,,,,,,,
"Thursday, 1 November 1979",80010,,,,,,,,,,,
"Saturday, 1 December 1979",108650,,,,,,,,,,,
"Tuesday, 1 January 1980",65970,,,,,,,,,,,
"Friday, 1 February 1980",82210,,,,,,,,,,,
"Saturday, 1 March 1980",86790,,,,,,,,,,,
"Tuesday, 1 April 1980",61770,,,,,,,,,,,
"Thursday, 1 May 1980",60660,,,,,,,,,,,
"Sunday, 1 June 1980",69730,,,,,,,,,,,
"Tuesday, 1 July 1980",77330,,,,,,,,,,,
"Friday, 1 August 1980",69960,,,,,,,,,,,
"Monday, 1 September 1980",60870,,,,,,,,,,,
"Wednesday, 1 October 1980",71890,,,,,,,,,,,
"Saturday, 1 November 1980",84790,,,,,,,,,,,
"Monday, 1 December 1980",112590,,,,,,,,,,,
"Thursday, 1 January 1981",69570,,,,,,,,,,,
"Sunday, 1 February 1981",78700,,,,,,,,,,,
"Sunday, 1 March 1981",84300,,,,,,,,,,,
"Wednesday, 1 April 1981",67800,,,,,,,,,,,
"Friday, 1 May 1981",63120,,,,,,,,,,,
"Monday, 1 June 1981",72590,,,,,,,,,,,
"Wednesday, 1 July 1981",81200,,,,,,,,,,,
"Saturday, 1 August 1981",74980,,,,,,,,,,,
"Tuesday, 1 September 1981",62780,,,,,,,,,,,
"Thursday, 1 October 1981",80280,,,,,,,,,,,
"Sunday, 1 November 1981",88350,,,,,,,,,,,
"Tuesday, 1 December 1981",113060,,,,,,,,,,,
"Friday, 1 January 1982",79230,,,,,,,,,,,
"Monday, 1 February 1982",79210,,,,,,,,,,,
"Monday, 1 March 1982",84490,,,,,,,,,,,
"Thursday, 1 April 1982",82690,,,,,,,,,,,
"Saturday, 1 May 1982",61730,,,,,,,,,,,
"Tuesday, 1 June 1982",63600,,,,,,,,,,,
"Thursday, 1 July 1982",83620,,,,,,,,,,,
"Sunday, 1 August 1982",75740,,,,,,,,,,,
"Wednesday, 1 September 1982",66070,,,,,,,,,,,
"Friday, 1 October 1982",78170,,,,,,,,,,,
"Monday, 1 November 1982",88520,,,,,,,,,,,
"Wednesday, 1 December 1982",111600,,,,,,,,,,,
"Saturday, 1 January 1983",80910,,,,,,,,,,,
"Tuesday, 1 February 1983",78410,,,,,,,,,,,
"Tuesday, 1 March 1983",75740,,,,,,,,,,,
"Friday, 1 April 1983",70350,,,,,,,,,,,
"Sunday, 1 May 1983",58480,,,,,,,,,,,
"Wednesday, 1 June 1983",62740,,,,,,,,,,,
"Friday, 1 July 1983",84020,,,,,,,,,,,
"Monday, 1 August 1983",80530,,,,,,,,,,,
"Thursday, 1 September 1983",63110,,,,,,,,,,,
"Saturday, 1 October 1983",79690,,,,,,,,,,,
"Tuesday, 1 November 1983",92310,,,,,,,,,,,
"Thursday, 1 December 1983",117580,,,,,,,,,,,
"Sunday, 1 January 1984",78680,,,,,,,,,,,
"Wednesday, 1 February 1984",84540,,,,,,,,,,,
"Thursday, 1 March 1984",82360,,,,,,,,,,,
"Sunday, 1 April 1984",83290,,,,,,,,,,,
"Tuesday, 1 May 1984",71540,,,,,,,,,,,
"Friday, 1 June 1984",74700,,,,,,,,,,,
"Sunday, 1 July 1984",85450,,,,,,,,,,,
"Wednesday, 1 August 1984",75100,,,,,,,,,,,
"Saturday, 1 September 1984",68660,,,,,,,,,,,
"Monday, 1 October 1984",86780,,,,,,,,,,,
"Thursday, 1 November 1984",98330,,,,,,,,,,,
"Saturday, 1 December 1984",125660,,,,,,,,,,,
"Tuesday, 1 January 1985",82600,,,,,,,,,,,
"Friday, 1 February 1985",98780,,,,,,,,,,,
"Friday, 1 March 1985",105380,,,,,,,,,,,
"Monday, 1 April 1985",83880,,,,,,,,,,,
"Wednesday, 1 May 1985",75650,,,,,,,,,,,
"Saturday, 1 June 1985",75440,,,,,,,,,,,
"Monday, 1 July 1985",83130,,,,,,,,,,,
"Thursday, 1 August 1985",82850,,,,,,,,,,,
"Sunday, 1 September 1985",77270,,,,,,,,,,,
"Tuesday, 1 October 1985",105680,,,,,,,,,,,
"Friday, 1 November 1985",121910,,,,,,,,,,,
"Sunday, 1 December 1985",149990,,,,,,,,,,,
"Wednesday, 1 January 1986",98020,,,,,,,,,,,
"Saturday, 1 February 1986",118010,,,,,,,,,,,
"Saturday, 1 March 1986",129470,,,,,,,,,,,
"Tuesday, 1 April 1986",110610,,,,,,,,,,,
"Thursday, 1 May 1986",91740,,,,,,,,,,,
"Sunday, 1 June 1986",94820,,,,,,,,,,,
"Tuesday, 1 July 1986",109520,,,,,,,,,,,
"Friday, 1 August 1986",105090,,,,,,,,,,,
"Monday, 1 September 1986",94970,,,,,,,,,,,
"Wednesday, 1 October 1986",130270,,,,,,,,,,,
"Saturday, 1 November 1986",156740,,,,,,,,,,,
"Monday, 1 December 1986",190120,,,,,,,,,,,
"Thursday, 1 January 1987",139740,,,,,,,,,,,
"Sunday, 1 February 1987",147840,,,,,,,,,,,
"Sunday, 1 March 1987",145190,,,,,,,,,,,
"Wednesday, 1 April 1987",132740,,,,,,,,,,,
"Friday, 1 May 1987",120740,,,,,,,,,,,
"Monday, 1 June 1987",116530,,,,,,,,,,,
"Wednesday, 1 July 1987",142020,,,,,,,,,,,
"Saturday, 1 August 1987",140430,,,,,,,,,,,
"Tuesday, 1 September 1987",128010,,,,,,,,,,,
"Thursday, 1 October 1987",165710,,,,,,,,,,,
"Sunday, 1 November 1987",183090,,,,,,,,,,,
"Tuesday, 1 December 1987",222840,,,,,,,,,,,
"Friday, 1 January 1988",161350,,,,,,,,,,,
"Monday, 1 February 1988",180390,,,,,,,,,,,
"Tuesday, 1 March 1988",185230,,,,,,,,,,,
"Friday, 1 April 1988",160480,,,,,,,,,,,
"Sunday, 1 May 1988",157110,,,,,,,,,,,
"Wednesday, 1 June 1988",163830,,,,,,,,,,,
"Friday, 1 July 1988",203340,,,,,,,,,,,
"Monday, 1 August 1988",196890,,,,,,,,,,,
"Thursday, 1 September 1988",179630,,,,,,,,,,,
"Saturday, 1 October 1988",207250,,,,,,,,,,,
"Tuesday, 1 November 1988",207990,,,,,,,,,,,
"Thursday, 1 December 1988",245790,,,,,,,,,,,
"Sunday, 1 January 1989",168950,,,,,,,,,,,
"Wednesday, 1 February 1989",191050,,,,,,,,,,,
"Wednesday, 1 March 1989",180010,,,,,,,,,,,
"Saturday, 1 April 1989",160130,,,,,,,,,,,
"Monday, 1 May 1989",136560,,,,,,,,,,,
"Thursday, 1 June 1989",142720,,,,,,,,,,,
"Saturday, 1 July 1989",175410,,,,,,,,,,,
"Tuesday, 1 August 1989",161400,,,,,,,,,,,
"Friday, 1 September 1989",149910,,,,,,,,,,,
"Sunday, 1 October 1989",174050,,,,,,,,,,,
"Wednesday, 1 November 1989",192670,,,,,,,,,,,
"Friday, 1 December 1989",247420,,,,,,,,,,,
"Monday, 1 January 1990",176210,,,,,,,,,,,
"Thursday, 1 February 1990",192800,,,,,,,,,,,
"Thursday, 1 March 1990",189060,,,,,,,,,,,
"Sunday, 1 April 1990",181060,,,,,,,,,,,
"Tuesday, 1 May 1990",149870,,,,,,,,,,,
"Friday, 1 June 1990",157340,,,,,,,,,,,
"Sunday, 1 July 1990",185350,,,,,,,,,,,
"Wednesday, 1 August 1990",178180,,,,,,,,,,,
"Saturday, 1 September 1990",162730,,,,,,,,,,,
"Monday, 1 October 1990",190620,,,,,,,,,,,
"Thursday, 1 November 1990",198560,,,,,,,,,,,
"Saturday, 1 December 1990",253130,,,,,,,,,,,
"Tuesday, 1 January 1991",177410,,,,,,,,,,,
"Friday, 1 February 1991",190570,,,,,,,,,,,
"Friday, 1 March 1991",189180,,,,,,,,,,,
"Monday, 1 April 1991",168000,,,,,,,,,,,
"Wednesday, 1 May 1991",161400,,,,,,,,,,,
"Saturday, 1 June 1991",172230,,,,,,,,,,,
"Monday, 1 July 1991",208310,,,,,,,,,,,
"Thursday, 1 August 1991",199310,,,,,,,,,,,
"Sunday, 1 September 1991",197360,,,,,,,,,,,
"Tuesday, 1 October 1991",215970,,,,,,,,,,,
"Friday, 1 November 1991",223860,,,,,,,,,,,
"Sunday, 1 December 1991",266750,,,,,,,,,,,
"Wednesday, 1 January 1992",196090,,,,,,,,,,,
"Saturday, 1 February 1992",238250,,,,,,,,,,,
"Sunday, 1 March 1992",217800,,,,,,,,,,,
"Wednesday, 1 April 1992",203830,,,,,,,,,,,
"Friday, 1 May 1992",175220,,,,,,,,,,,
"Monday, 1 June 1992",176940,,,,,,,,,,,
"Wednesday, 1 July 1992",219260,,,,,,,,,,,
"Saturday, 1 August 1992",199080,,,,,,,,,,,
"Tuesday, 1 September 1992",190020,,,,,,,,,,,
"Thursday, 1 October 1992",229320,,,,,,,,,,,
"Sunday, 1 November 1992",255040,,,,,,,,,,,
"Tuesday, 1 December 1992",302400,,,,,,,,,,,
"Friday, 1 January 1993",242760,,,,,,,,,,,
"Monday, 1 February 1993",245460,,,,,,,,,,,
"Monday, 1 March 1993",257950,,,,,,,,,,,
"Thursday, 1 April 1993",226320,,,,,,,,,,,
"Saturday, 1 May 1993",213410,,,,,,,,,,,
"Tuesday, 1 June 1993",204580,,,,,,,,,,,
"Thursday, 1 July 1993",244620,,,,,,,,,,,
"Sunday, 1 August 1993",239930,,,,,,,,,,,
"Wednesday, 1 September 1993",224030,,,,,,,,,,,
"Friday, 1 October 1993",267220,,,,,,,,,,,
"Monday, 1 November 1993",285910,,,,,,,,,,,
"Wednesday, 1 December 1993",344040,,,,,,,,,,,
"Saturday, 1 January 1994",250530,,,,,,,,,,,
"Tuesday, 1 February 1994",304280,,,,,,,,,,,
"Tuesday, 1 March 1994",307400,,,,,,,,,,,
"Friday, 1 April 1994",255130,,,,,,,,,,,
"Sunday, 1 May 1994",214940,,,,,,,,,,,
"Wednesday, 1 June 1994",230940,,,,,,,,,,,
"Friday, 1 July 1994",282510,,,,,,,,,,,
"Monday, 1 August 1994",265430,,,,,,,,,,,
"Thursday, 1 September 1994",253970,,,,,,,,,,,
"Saturday, 1 October 1994",301590,,,,,,,,,,,
"Tuesday, 1 November 1994",311000,,,,,,,,,,,
"Thursday, 1 December 1994",384010,,,,,,,,,,,
"Sunday, 1 January 1995",303760,,,,,,,,,,,
"Wednesday, 1 February 1995",319050,,,,,,,,,,,
"Wednesday, 1 March 1995",313540,,,,,,,,,,,
"Saturday, 1 April 1995",294160,,,,,,,,,,,
"Monday, 1 May 1995",244810,,,,,,,,,,,
"Thursday, 1 June 1995",261440,,,,,,,,,,,
"Saturday, 1 July 1995",329740,,,,,,,,,,,
"Tuesday, 1 August 1995",304900,,,,,,,,,,,
"Friday, 1 September 1995",268570,,,,,,,,,,,
"Sunday, 1 October 1995",320660,,,,,,,,,,,
"Wednesday, 1 November 1995",342930,,,,,,,,,,,
"Friday, 1 December 1995",422260,,,,,,,,,,,
"Monday, 1 January 1996",317210,,,,,,,,,,,
"Thursday, 1 February 1996",392690,,,,,,,,,,,
"Friday, 1 March 1996",365550,,,,,,,,,,,
"Monday, 1 April 1996",333200,,,,,,,,,,,
"Wednesday, 1 May 1996",261510,,,,,,,,,,,
"Saturday, 1 June 1996",306930,,,,,,,,,,,
"Monday, 1 July 1996",358230,,,,,,,,,,,
"Thursday, 1 August 1996",329240,,,,,,,,,,,
"Sunday, 1 September 1996",309160,,,,,,,,,,,
"Tuesday, 1 October 1996",350360,,,,,,,,,,,
"Friday, 1 November 1996",375570,,,,,,,,,,,
"Sunday, 1 December 1996",465180,,,,,,,,,,,
"Wednesday, 1 January 1997",342890,,,,,,,,,,,
"Saturday, 1 February 1997",407960,,,,,,,,,,,
"Saturday, 1 March 1997",390900,,,,,,,,,,,
"Tuesday, 1 April 1997",325900,,,,,,,,,,,
"Thursday, 1 May 1997",289100,,,,,,,,,,,
"Sunday, 1 June 1997",308180,,,,,,,,,,,
"Tuesday, 1 July 1997",397360,,,,,,,,,,,
"Friday, 1 August 1997",330430,,,,,,,,,,,
"Monday, 1 September 1997",330940,,,,,,,,,,,
"Wednesday, 1 October 1997",366480,,,,,,,,,,,
"Saturday, 1 November 1997",379460,,,,,,,,,,,
"Monday, 1 December 1997",448280,,,,,,,,,,,
"Thursday, 1 January 1998",346230,,,,,,,,,,,
"Sunday, 1 February 1998",353610,,,,,,,,,,,
"Sunday, 1 March 1998",338560,,,,,,,,,,,
"Wednesday, 1 April 1998",341080,,,,,,,,,,,
"Friday, 1 May 1998",283400,,,,,,,,,,,
"Monday, 1 June 1998",304190,,,,,,,,,,,
"Wednesday, 1 July 1998",372300,,,,,,,,,,,
"Saturday, 1 August 1998",323680,,,,,,,,,,,
"Tuesday, 1 September 1998",323860,,,,,,,,,,,
"Thursday, 1 October 1998",354750,,,,,,,,,,,
"Sunday, 1 November 1998",367910,,,,,,,,,,,
"Tuesday, 1 December 1998",457640,,,,,,,,,,,
"Friday, 1 January 1999",350980,,,,,,,,,,,
"Monday, 1 February 1999",398570,,,,,,,,,,,
"Monday, 1 March 1999",389020,,,,,,,,,,,
"Thursday, 1 April 1999",334130,,,,,,,,,,,
"Saturday, 1 May 1999",298130,,,,,,,,,,,
"Tuesday, 1 June 1999",317060,,,,,,,,,,,
"Thursday, 1 July 1999",388460,,,,,,,,,,,
"Sunday, 1 August 1999",355610,,,,,,,,,,,
"Wednesday, 1 September 1999",353130,,,,,,,,,,,
"Friday, 1 October 1999",396980,,,,,,,,,,,
"Monday, 1 November 1999",416670,,,,,,,,,,,
"Wednesday, 1 December 1999",460780,,,,,,,,,,,
"Saturday, 1 January 2000",360800,,,,,,,,,,,
"Tuesday, 1 February 2000",434590,,,,,,,,,,,
"Wednesday, 1 March 2000",411860,,,,,,,,,,,
"Saturday, 1 April 2000",405620,,,,,,,,,,,
"Monday, 1 May 2000",319350,,,,,,,,,,,
"Thursday, 1 June 2000",347940,,,,,,,,,,,
"Saturday, 1 July 2000",429030,,,,,,,,,,,
"Tuesday, 1 August 2000",372850,,,,,,,,,,,
"Friday, 1 September 2000",402970,,,,,,,,,,,
"Sunday, 1 October 2000",426510,,,,,,,,,,,
"Wednesday, 1 November 2000",459910,,,,,,,,,,,
"Friday, 1 December 2000",559930,,,,,,,,,,,
"Monday, 1 January 2001",416600,,,,,,,,,,,
"Thursday, 1 February 2001",429200,,,,,,,,,,,
"Thursday, 1 March 2001",428750,,,,,,,,,,,
"Sunday, 1 April 2001",405380,,,,,,,,,,,
"Tuesday, 1 May 2001",330180,,,,,,,,,,,
"Friday, 1 June 2001",370020,,,,,,,,,,,
"Sunday, 1 July 2001",446880,,,,,,,,,,,
"Wednesday, 1 August 2001",384590,,,,,,,,,,,
"Saturday, 1 September 2001",366290,,,,,,,,,,,
"Monday, 1 October 2001",378470,,,,,,,,,,,
"Thursday, 1 November 2001",376190,,,,,,,,,,,
"Saturday, 1 December 2001",523190,,,,,,,,,,,
"Tuesday, 1 January 2002",379290,,,,,,,,,,,
"Friday, 1 February 2002",437240,,,,,,,,,,,
"Friday, 1 March 2002",446500,,,,,,,,,,,
"Monday, 1 April 2002",360310,,,,,,,,,,,
"Wednesday, 1 May 2002",329950,,,,,,,,,,,
"Saturday, 1 June 2002",339390,,,,,,,,,,,
"Monday, 1 July 2002",418160,,,,,,,,,,,
"Thursday, 1 August 2002",371940,,,,,,,,,,,
"Sunday, 1 September 2002",358570,,,,,,,,,,,
"Tuesday, 1 October 2002",428860,,,,,,,,,,,
"Friday, 1 November 2002",437020,,,,,,,,,,,
"Sunday, 1 December 2002",533970,,,,,,,,,,,
"Wednesday, 1 January 2003",396650,,,,,,,,,,,
"Saturday, 1 February 2003",427480,,,,,,,,,,,
"Saturday, 1 March 2003",392470,,,,,,,,,,,
"Tuesday, 1 April 2003",321510,,,,,,,,,,,
"Thursday, 1 May 2003",260900,,,,,,,,,,,
"Sunday, 1 June 2003",308270,,,,,,,,,,,
"Tuesday, 1 July 2003",415510,,,,,,,,,,,
"Friday, 1 August 2003",362250,,,,,,,,,,,
"Monday, 1 September 2003",385600,,,,,,,,,,,
"Wednesday, 1 October 2003",435330,,,,,,,,,,,
"Saturday, 1 November 2003",473280,,,,,,,,,,,
"Monday, 1 December 2003",566600,,,,,,,,,,,
"Thursday, 1 January 2004",420170,55,100,70,92,59,81,93,45,58,52,34
"Sunday, 1 February 2004",454820,74,75,89,72,31,83,94,58,65,54,100
"Monday, 1 March 2004",432280,74,61,92,47,69,77,100,63,52,54,71
"Thursday, 1 April 2004",402790,65,69,84,65,51,77,79,61,48,35,18
"Saturday, 1 May 2004",341260,100,66,100,99,51,78,89,86,100,41,51
"Tuesday, 1 June 2004",367280,76,60,83,42,64,80,92,76,48,41,14
"Thursday, 1 July 2004",467550,46,70,46,63,27,89,78,35,38,40,27
"Sunday, 1 August 2004",403060,88,66,65,82,78,86,95,100,48,39,19
"Wednesday, 1 September 2004",393510,77,55,80,64,94,78,84,51,50,37,41
"Friday, 1 October 2004",447380,70,71,78,43,46,78,89,35,48,48,72
"Monday, 1 November 2004",478020,71,66,66,30,73,77,80,61,72,49,44
"Wednesday, 1 December 2004",591390,47,51,51,61,42,69,52,21,59,53,9
"Saturday, 1 January 2005",456920,51,71,56,77,17,80,68,36,38,51,42
"Tuesday, 1 February 2005",498780,68,64,53,91,58,80,79,47,52,48,36
"Tuesday, 1 March 2005",502090,75,58,71,71,49,72,79,55,55,51,47
"Friday, 1 April 2005",406580,56,55,61,65,59,74,79,61,49,37,59
"Sunday, 1 May 2005",351290,85,52,73,100,100,83,87,64,62,39,77
"Wednesday, 1 June 2005",377010,57,48,65,48,67,76,77,45,38,46,44
"Friday, 1 July 2005",497040,47,48,62,63,49,98,70,36,36,40,0
"Monday, 1 August 2005",429260,67,51,68,80,55,87,71,28,31,44,41
"Thursday, 1 September 2005",412070,57,53,58,61,65,74,77,52,53,42,39
"Saturday, 1 October 2005",461870,56,53,61,74,59,78,77,37,52,47,28
"Tuesday, 1 November 2005",470670,64,52,60,63,55,79,61,52,42,46,31
"Thursday, 1 December 2005",599250,41,44,38,53,24,66,43,37,57,48,44
"Sunday, 1 January 2006",461400,46,56,66,35,25,77,54,37,33,58,42
"Wednesday, 1 February 2006",485000,61,49,57,33,0,83,57,36,45,43,34
"Wednesday, 1 March 2006",473440,59,45,54,25,69,72,79,48,58,55,55
"Saturday, 1 April 2006",435040,60,39,45,68,11,71,63,44,25,39,37
"Monday, 1 May 2006",342940,67,42,57,54,70,71,65,49,41,31,60
"Thursday, 1 June 2006",379660,49,38,56,23,57,74,54,49,38,33,51
"Saturday, 1 July 2006",478190,38,46,45,35,11,86,43,34,37,37,17
"Tuesday, 1 August 2006",410200,41,42,51,51,20,84,57,38,27,31,24
"Friday, 1 September 2006",423460,44,46,46,49,32,72,58,29,59,37,16
"Sunday, 1 October 2006",472930,51,47,41,37,14,66,41,31,51,37,39
"Wednesday, 1 November 2006",489990,47,43,43,37,37,75,47,30,39,38,50
"Friday, 1 December 2006",640870,29,37,30,41,42,71,32,27,45,42,25
"Monday, 1 January 2007",451030,39,51,45,53,49,80,38,39,32,50,25
"Thursday, 1 February 2007",510170,43,44,45,32,34,78,47,41,28,45,30
"Thursday, 1 March 2007",520020,43,37,43,46,52,80,49,39,34,43,39
"Sunday, 1 April 2007",434940,39,39,39,50,55,76,39,31,34,36,30
"Tuesday, 1 May 2007",364730,51,35,46,52,41,83,47,46,29,31,48
"Friday, 1 June 2007",397960,35,36,40,33,41,75,40,32,23,40,29
"Sunday, 1 July 2007",482790,31,43,37,31,27,89,38,29,27,31,20
"Wednesday, 1 August 2007",434750,37,37,41,40,36,86,43,37,33,34,26
"Saturday, 1 September 2007",434110,38,37,36,51,28,81,43,33,34,34,35
"Monday, 1 October 2007",468840,40,42,35,50,47,81,41,34,35,34,33
"Thursday, 1 November 2007",499210,40,37,33,34,31,74,32,33,33,35,34
"Saturday, 1 December 2007",614830,32,29,28,29,43,69,26,26,37,43,25
"Tuesday, 1 January 2008",440630,35,44,44,31,33,84,31,45,41,48,20
"Friday, 1 February 2008",546410,37,34,37,25,44,80,37,39,46,44,34
"Saturday, 1 March 2008",513720,43,35,34,29,42,74,34,39,33,37,31
"Tuesday, 1 April 2008",424310,38,33,33,32,42,75,34,44,36,32,34
"Thursday, 1 May 2008",380020,42,32,37,36,51,82,33,46,36,30,41
"Sunday, 1 June 2008",382460,34,29,32,30,45,81,34,40,39,29,27
"Tuesday, 1 July 2008",530450,27,27,28,40,32,97,30,34,36,33,25
"Friday, 1 August 2008",418750,36,29,35,26,45,83,33,41,36,28,31
"Monday, 1 September 2008",400010,35,32,32,23,34,78,28,41,34,31,40
"Wednesday, 1 October 2008",455740,40,31,32,36,36,80,35,38,37,34,26
"Saturday, 1 November 2008",470350,36,31,31,30,36,75,27,36,51,38,20
"Monday, 1 December 2008",611800,25,25,23,23,24,64,21,35,46,36,22
"Thursday, 1 January 2009",451880,33,34,31,29,33,78,36,40,30,46,25
"Sunday, 1 February 2009",501770,36,34,48,30,40,75,27,43,20,47,31
"Sunday, 1 March 2009",486840,42,28,31,26,45,83,33,41,30,35,41
"Wednesday, 1 April 2009",452830,38,32,25,25,40,77,32,40,35,36,28
"Friday, 1 May 2009",372920,42,33,32,23,49,73,34,48,35,33,42
"Monday, 1 June 2009",362280,33,35,27,21,43,74,32,35,36,32,27
"Wednesday, 1 July 2009",458960,26,33,22,20,51,82,28,33,37,32,21
"Saturday, 1 August 2009",413160,34,38,29,25,50,83,36,37,44,33,28
"Tuesday, 1 September 2009",437290,31,37,27,30,57,77,31,34,43,37,45
"Thursday, 1 October 2009",484820,32,37,27,11,51,72,28,42,52,41,42
"Sunday, 1 November 2009",485250,34,35,28,18,55,66,31,46,54,47,27
"Tuesday, 1 December 2009",649360,23,30,22,14,44,60,23,38,49,51,24
"Friday, 1 January 2010",448710,30,42,31,13,31,67,28,40,39,53,18
"Monday, 1 February 2010",560130,30,36,28,19,50,64,29,44,33,44,28
"Monday, 1 March 2010",526330,36,35,30,17,54,66,31,48,36,49,37
"Thursday, 1 April 2010",428900,33,30,22,18,53,66,32,42,45,36,32
"Saturday, 1 May 2010",374960,41,31,29,21,59,68,34,50,47,35,48
"Tuesday, 1 June 2010",403700,32,31,24,18,49,66,32,43,47,34,25
"Thursday, 1 July 2010",510930,30,29,22,15,48,70,22,41,45,31,16
"Sunday, 1 August 2010",451310,32,28,25,19,41,74,26,42,40,33,36
"Wednesday, 1 September 2010",475680,31,27,20,15,46,72,26,38,37,35,25
"Friday, 1 October 2010",494460,30,28,22,17,41,70,23,41,39,40,27
"Monday, 1 November 2010",518090,31,27,20,13,40,84,20,39,46,39,26
"Wednesday, 1 December 2010",678360,20,24,16,16,42,63,19,34,50,54,16
"Saturday, 1 January 2011",473780,30,32,42,16,39,75,21,42,41,70,22
"Tuesday, 1 February 2011",565140,25,26,25,19,47,72,21,42,36,59,27
"Tuesday, 1 March 2011",500100,31,25,28,17,49,74,23,47,35,36,43
"Friday, 1 April 2011",460320,28,24,20,14,40,69,22,45,37,32,25
"Sunday, 1 May 2011",384520,34,24,22,21,51,72,22,53,42,32,36
"Wednesday, 1 June 2011",387680,28,25,20,13,50,90,20,43,45,33,22
"Friday, 1 July 2011",505640,22,26,18,18,46,77,19,40,41,31,12
"Monday, 1 August 2011",467010,29,25,21,17,54,77,21,41,41,32,24
"Thursday, 1 September 2011",431040,25,23,19,18,46,73,18,41,47,34,26
"Saturday, 1 October 2011",499530,27,23,18,16,46,100,20,43,40,36,29
"Tuesday, 1 November 2011",522760,25,24,19,33,45,79,19,46,46,32,27
"Thursday, 1 December 2011",674790,22,22,14,19,44,63,17,43,53,37,18
"Sunday, 1 January 2012",501990,27,28,25,21,53,73,17,45,40,45,13
"Wednesday, 1 February 2012",565750,26,27,23,18,49,71,18,44,35,36,26
"Thursday, 1 March 2012",543830,28,21,21,14,43,72,19,45,37,34,30
"Sunday, 1 April 2012",465100,28,22,19,25,51,65,16,45,38,29,26
"Tuesday, 1 May 2012",393430,31,20,19,47,46,68,17,51,38,28,37
"Friday, 1 June 2012",420510,24,22,19,23,54,71,17,45,36,32,19
"Sunday, 1 July 2012",499860,23,22,19,20,46,73,16,42,42,28,15
"Wednesday, 1 August 2012",498740,25,23,20,21,51,72,17,49,40,29,25
"Saturday, 1 September 2012",475470,28,24,17,16,46,72,17,50,38,35,28
"Monday, 1 October 2012",521010,25,23,17,18,47,71,16,44,45,38,22
"Thursday, 1 November 2012",560100,24,19,17,14,48,66,16,42,44,39,23
"Saturday, 1 December 2012",721320,20,19,13,15,47,59,13,40,43,49,12
"Tuesday, 1 January 2013",488670,27,25,25,20,58,73,14,53,43,74,17
"Friday, 1 February 2013",616970,26,23,20,10,40,72,15,46,34,40,20
"Friday, 1 March 2013",588870,26,21,19,17,43,70,20,51,39,35,22
"Monday, 1 April 2013",461540,26,20,17,14,46,70,16,48,36,29,21
"Wednesday, 1 May 2013",413330,31,19,19,14,48,66,16,50,36,28,28
"Saturday, 1 June 2013",447520,26,18,17,16,42,72,14,48,36,29,22
"Monday, 1 July 2013",530910,24,20,16,15,39,75,14,45,33,28,16
"Thursday, 1 August 2013",529350,28,21,19,14,49,70,15,54,39,25,22
"Sunday, 1 September 2013",493890,25,20,21,15,39,67,16,51,39,28,30
"Tuesday, 1 October 2013",542760,25,21,20,18,40,65,15,50,39,30,24
"Friday, 1 November 2013",578130,23,19,19,13,48,64,13,45,36,30,21
"Sunday, 1 December 2013",789760,21,16,15,15,43,60,10,41,42,34,14
"Wednesday, 1 January 2014",562510,25,23,24,18,42,66,13,54,40,50,21
"Saturday, 1 February 2014",637630,25,17,21,15,41,68,13,50,39,31,23
"Saturday, 1 March 2014",600820,30,18,21,25,43,68,13,51,31,28,24
"Tuesday, 1 April 2014",528560,24,15,19,13,39,57,13,48,38,29,20
"Thursday, 1 May 2014",472880,25,19,20,14,48,58,16,56,36,24,33
"Sunday, 1 June 2014",457900,25,19,18,11,49,64,13,51,34,25,21
"Tuesday, 1 July 2014",589650,22,17,17,15,44,65,11,46,38,26,15
"Friday, 1 August 2014",540910,26,18,17,13,44,66,14,52,36,27,20
"Monday, 1 September 2014",521750,23,17,16,12,38,63,14,49,32,26,22
"Wednesday, 1 October 2014",586680,23,17,16,12,35,60,13,49,40,27,24
"Saturday, 1 November 2014",611230,24,17,17,11,43,55,14,48,37,29,18
"Monday, 1 December 2014",811830,21,14,13,11,41,54,10,45,43,31,17
"Thursday, 1 January 2015",547430,27,20,23,14,43,61,11,60,40,41,17
"Sunday, 1 February 2015",726060,26,19,20,12,41,61,12,53,32,36,21
"Sunday, 1 March 2015",679270,28,17,20,13,39,59,14,61,34,34,22
"Wednesday, 1 April 2015",550150,25,16,17,10,41,56,11,54,39,28,23
"Friday, 1 May 2015",485660,31,17,19,11,51,56,12,54,30,23,29
"Monday, 1 June 2015",488150,23,16,16,12,40,59,12,53,29,24,17
"Wednesday, 1 July 2015",628270,21,17,15,11,43,59,10,55,31,28,12
"Saturday, 1 August 2015",574140,25,17,19,11,42,60,12,51,36,25,21
"Tuesday, 1 September 2015",571990,25,17,16,11,43,56,12,52,35,25,23
"Thursday, 1 October 2015",625800,26,15,17,12,39,55,11,50,38,25,23
"Sunday, 1 November 2015",671540,25,16,17,10,39,55,10,50,33,29,24
"Tuesday, 1 December 2015",901320,20,15,14,10,39,49,8,45,38,33,16
"Friday, 1 January 2016",617670,26,20,19,15,43,54,10,60,32,44,15
"Monday, 1 February 2016",798610,24,18,18,9,42,51,11,51,29,26,22
"Tuesday, 1 March 2016",757350,27,17,18,10,44,46,11,53,27,26,26
"Friday, 1 April 2016",610500,24,16,14,13,43,45,10,49,29,22,22
"Sunday, 1 May 2016",541280,27,17,18,12,43,47,12,58,30,24,29
"Wednesday, 1 June 2016",555070,24,16,15,11,40,50,10,51,31,31,19
"Friday, 1 July 2016",715780,21,17,16,10,40,50,8,50,25,26,16
"Monday, 1 August 2016",632140,24,16,15,11,46,49,10,50,28,23,18
"Thursday, 1 September 2016",647040,24,16,15,11,42,52,9,53,29,29,21
"Saturday, 1 October 2016",695920,23,16,14,8,39,48,9,48,32,25,21
"Tuesday, 1 November 2016",721830,22,16,15,11,38,46,10,48,26,25,21
"Thursday, 1 December 2016",976150,19,13,12,10,40,43,7,49,32,31,12
"Sunday, 1 January 2017",723990,28,18,20,14,48,50,9,61,26,40,12
"Wednesday, 1 February 2017",787580,24,17,17,8,47,48,10,58,27,35,22
"Wednesday, 1 March 2017",772230,26,16,18,10,45,47,10,61,31,38,25
"Saturday, 1 April 2017",700010,21,15,14,13,39,48,9,56,30,25,19
"Monday, 1 May 2017",579090,27,16,16,9,42,47,10,56,26,22,27
"Thursday, 1 June 2017",606010,22,16,14,12,37,51,9,51,30,24,20
"Saturday, 1 July 2017",746410,21,16,14,9,42,51,8,50,28,25,12
"Tuesday, 1 August 2017",702900,25,17,16,10,43,52,11,56,29,25,24
"Friday, 1 September 2017",663590,22,18,15,8,44,49,9,57,36,28,23
"Sunday, 1 October 2017",741360,26,18,15,8,47,50,9,57,33,29,25
"Wednesday, 1 November 2017",777090,25,16,14,10,42,49,10,59,31,33,19
"Friday, 1 December 2017",1015040,20,16,12,11,38,42,8,53,35,41,12
"Monday, 1 January 2018",702580,30,23,21,14,45,49,9,62,26,49,16
"Thursday, 1 February 2018",914530,24,18,15,14,45,49,14,60,26,34,21
"Thursday, 1 March 2018",872350,25,17,16,11,39,48,11,61,29,37,24
"Sunday, 1 April 2018",679780,24,16,13,10,36,45,9,53,28,26,22
"Tuesday, 1 May 2018",609450,27,15,16,12,40,51,10,56,26,26,32
"Friday, 1 June 2018",646650,23,14,12,9,36,45,8,53,23,29,17
"Sunday, 1 July 2018",774360,20,15,12,9,42,49,9,55,29,28,11
"Wednesday, 1 August 2018",741710,24,16,13,10,38,49,9,55,24,27,23
"Saturday, 1 September 2018",690190,24,15,12,8,42,47,10,53,25,26,21
"Monday, 1 October 2018",753960,24,15,13,9,30,49,10,51,25,32,24
"Thursday, 1 November 2018",802160,24,15,13,11,41,50,9,54,30,34,22
"Saturday, 1 December 2018",1057900,19,12,11,11,43,41,7,52,28,45,15
"Tuesday, 1 January 2019",731130,27,15,18,11,41,49,8,61,24,57,16
"Friday, 1 February 2019",927240,24,14,14,10,43,49,8,54,21,40,26
"Friday, 1 March 2019",836350,26,14,15,10,38,47,9,50,22,38,25
"Monday, 1 April 2019",700370,22,13,11,7,35,44,8,55,23,24,21
"Wednesday, 1 May 2019",668280,26,14,16,7,41,46,9,60,19,26,36
"Saturday, 1 June 2019",660340,24,14,12,7,37,48,9,60,26,38,20
"Monday, 1 July 2019",790380,21,14,10,11,42,48,9,51,22,29,13
"Thursday, 1 August 2019",789200,24,13,11,8,38,48,9,57,25,31,22
"Sunday, 1 September 2019",694960,24,14,12,8,40,51,10,58,26,29,32
"Tuesday, 1 October 2019",774020,22,13,11,8,40,50,9,53,27,32,25
"Friday, 1 November 2019",815910,23,14,18,7,35,48,9,52,26,47,28
"Sunday, 1 December 2019",1077720,21,16,23,8,42,43,10,53,29,54,21
"Wednesday, 1 January 2020",766590,32,19,82,10,54,45,11,67,25,100,50
"Saturday, 1 February 2020",685410,22,15,17,9,37,45,9,53,21,43,30
"Sunday, 1 March 2020",331890,23,13,16,11,39,52,8,44,31,42,24
"Wednesday, 1 April 2020",2250,24,8,13,8,21,23,7,40,24,24,29
"Friday, 1 May 2020",3440,25,9,12,5,34,19,9,47,21,25,32
"Monday, 1 June 2020",5400,21,10,10,7,34,23,8,45,18,24,21
"Wednesday, 1 July 2020",3530,20,9,11,5,24,21,7,35,15,22,13
"Saturday, 1 August 2020",3030,21,9,11,5,21,17,7,36,16,23,20
"Tuesday, 1 September 2020",3720,21,9,10,6,27,16,7,34,16,28,26
"Thursday, 1 October 2020",6070,18,9,8,5,28,16,6,35,16,21,22
"Sunday, 1 November 2020",7570,18,9,8,4,30,20,6,35,20,31,20
"Tuesday, 1 December 2020",8820,16,12,7,4,32,19,5,39,21,65,15
"Friday, 1 January 2021",7990,17,11,7,6,32,16,5,39,18,72,14
"Monday, 1 February 2021",6260,21,9,11,5,24,18,5,36,14,26,16
"Monday, 1 March 2021",8320,19,10,9,4,20,22,6,37,12,25,19
"Thursday, 1 April 2021",22610,17,12,8,4,24,23,6,34,17,19,17
"Saturday, 1 May 2021",36190,20,13,8,4,27,22,7,41,15,20,21
"Tuesday, 1 June 2021",36770,17,10,8,5,26,20,5,36,17,22,15
"Thursday, 1 July 2021",18720,17,9,8,5,22,17,5,33,14,29,10
"Sunday, 1 August 2021",6390,19,9,8,6,20,16,5,32,16,21,18
"Wednesday, 1 September 2021",4430,16,10,8,5,22,17,5,33,16,22,21
"Friday, 1 October 2021",4410,16,13,7,6,26,21,6,31,15,26,18
"Monday, 1 November 2021",20860,17,14,8,5,28,21,7,33,15,30,21
"Wednesday, 1 December 2021",73290,15,12,7,5,27,20,5,31,19,37,13
"Saturday, 1 January 2022",60760,24,12,14,7,39,24,8,41,19,47,17
"Tuesday, 1 February 2022",90460,19,12,10,9,33,31,9,43,18,30,21
"Tuesday, 1 March 2022",170250,22,12,11,8,36,35,8,50,20,39,31
"Friday, 1 April 2022",235460,22,11,11,7,39,35,8,48,24,28,34
"Sunday, 1 May 2022",231480,25,13,14,7,39,37,7,55,21,28,45
"Wednesday, 1 June 2022",275300,20,12,10,7,38,37,6,50,21,32,27
"Friday, 1 July 2022",325680,20,13,10,10,38,42,6,47,25,35,19
"Monday, 1 August 2022",348440,22,14,11,9,34,38,7,55,24,29,30
"Thursday, 1 September 2022",371850,20,13,10,7,37,38,7,48,26,42,30
"Saturday, 1 October 2022",430470,19,12,9,9,36,37,7,49,24,61,31
"Tuesday, 1 November 2022",505240,21,12,11,7,38,34,6,49,25,51,32
"Thursday, 1 December 2022",648970,19,12,8,6,37,31,4,48,27,37,17
